{"mean":{"confidence_interval":{"confidence_level":0.95,"lower_bound":1615170528.2009523,"upper_bound":1627755001.1266665},"point_estimate":1621237240.2130952,"standard_error":3133984.4496881473},"median":{"confidence_interval":{"confidence_level":0.95,"lower_bound":1614211865.6,"upper_bound":1635837774.9},"point_estimate":1615187894.0833335,"standard_error":5326677.205518893},"median_abs_dev":{"confidence_interval":{"confidence_level":0.95,"lower_bound":330433.1347934978,"upper_bound":16178218.301459393},"point_estimate":1887433.692241278,"standard_error":4457166.293930387},"slope":{"confidence_interval":{"confidence_level":0.95,"lower_bound":1615819448.304018,"upper_bound":1634080096.2597136},"point_estimate":1628657163.761039,"standard_error":4059930.266938095},"std_dev":{"confidence_interval":{"confidence_level":0.95,"lower_bound":1105655.9844147526,"upper_bound":11621005.39325094},"point_estimate":10444835.01333497,"standard_error":2050629.694031412}}