{"mean":{"confidence_interval":{"confidence_level":0.95,"lower_bound":1635731588.55,"upper_bound":1663316231.214375},"point_estimate":1649423216.675,"standard_error":7100096.591680381},"median":{"confidence_interval":{"confidence_level":0.95,"lower_bound":1627155606.625,"upper_bound":1671632834.75},"point_estimate":1646604587.625,"standard_error":14003166.44286181},"median_abs_dev":{"confidence_interval":{"confidence_level":0.95,"lower_bound":4729836.025978625,"upper_bound":36544680.695877224},"point_estimate":32706200.267998874,"standard_error":9360658.532426918},"slope":null,"std_dev":{"confidence_interval":{"confidence_level":0.95,"lower_bound":15541574.735152971,"upper_bound":27331151.062233876},"point_estimate":23629231.391448665,"standard_error":2996133.451008606}}