{"mean":{"confidence_interval":{"confidence_level":0.95,"lower_bound":2223616313.0666666,"upper_bound":2224132791.4333334},"point_estimate":2223876706.966666,"standard_error":131906.56569407237},"median":{"confidence_interval":{"confidence_level":0.95,"lower_bound":2223416317.0,"upper_bound":2224243495.166667},"point_estimate":2223952439.8333335,"standard_error":228732.4788324953},"median_abs_dev":{"confidence_interval":{"confidence_level":0.95,"lower_bound":68802.27567851543,"upper_bound":754415.5604059752},"point_estimate":471047.95713722706,"standard_error":175449.34026143144},"slope":null,"std_dev":{"confidence_interval":{"confidence_level":0.95,"lower_bound":272095.99544149503,"upper_bound":522230.96565592836},"point_estimate":440491.26008365565,"standard_error":62758.752376009346}}