{"mean":{"confidence_interval":{"confidence_level":0.95,"lower_bound":3547024428.5,"upper_bound":3552929783.3025},"point_estimate":3549854923.8,"standard_error":1503629.2338658732},"median":{"confidence_interval":{"confidence_level":0.95,"lower_bound":3545390926.25,"upper_bound":3553415520.5},"point_estimate":3548960518.0,"standard_error":2452350.7312058075},"median_abs_dev":{"confidence_interval":{"confidence_level":0.95,"lower_bound":233376.8031567335,"upper_bound":9084128.737324476},"point_estimate":6492329.0063381195,"standard_error":2009444.5734908616},"slope":null,"std_dev":{"confidence_interval":{"confidence_level":0.95,"lower_bound":2881499.248429482,"upper_bound":6434047.752189735},"point_estimate":5036741.200479137,"standard_error":957137.2051392166}}