{"mean":{"confidence_interval":{"confidence_level":0.95,"lower_bound":502592599.16916656,"upper_bound":502714570.275},"point_estimate":502646819.6666667,"standard_error":31080.488763688467},"median":{"confidence_interval":{"confidence_level":0.95,"lower_bound":502577113.0,"upper_bound":502730206.6666667},"point_estimate":502614389.4166666,"standard_error":34453.63209238986},"median_abs_dev":{"confidence_interval":{"confidence_level":0.95,"lower_bound":11750.284316405481,"upper_bound":141704.92868426407},"point_estimate":53797.807969897985,"standard_error":31478.746818298663},"slope":null,"std_dev":{"confidence_interval":{"confidence_level":0.95,"lower_bound":29516.350919212746,"upper_bound":130354.88063573827},"point_estimate":103565.19470584147,"standard_error":26912.42587399765}}