{"mean":{"confidence_interval":{"confidence_level":0.95,"lower_bound":846656209.93,"upper_bound":849224056.56},"point_estimate":847879061.86,"standard_error":657146.2286278108},"median":{"confidence_interval":{"confidence_level":0.95,"lower_bound":846199579.0,"upper_bound":847939071.0},"point_estimate":847397205.0,"standard_error":431026.72646920214},"median_abs_dev":{"confidence_interval":{"confidence_level":0.95,"lower_bound":3909802.1968871355,"upper_bound":6779777.713134885},"point_estimate":5355541.02872014,"standard_error":713149.3611159849},"slope":null,"std_dev":{"confidence_interval":{"confidence_level":0.95,"lower_bound":5092845.141128448,"upper_bound":7942407.870368181},"point_estimate":6574684.377932164,"standard_error":736342.875735712}}