{"mean":{"confidence_interval":{"confidence_level":0.95,"lower_bound":696069167.8094443,"upper_bound":697511853.3333333},"point_estimate":696785303.0888889,"standard_error":369375.8767702218},"median":{"confidence_interval":{"confidence_level":0.95,"lower_bound":695733934.6111112,"upper_bound":697943856.4444444},"point_estimate":696745838.5555556,"standard_error":549229.2983171131},"median_abs_dev":{"confidence_interval":{"confidence_level":0.95,"lower_bound":310643.9010182624,"upper_bound":2190956.918569386},"point_estimate":1583912.2073798783,"standard_error":489217.4352560458},"slope":null,"std_dev":{"confidence_interval":{"confidence_level":0.95,"lower_bound":748815.2340853377,"upper_bound":1480790.4413039554},"point_estimate":1227710.8030877032,"standard_error":187072.77382477192}}