{"mean":{"confidence_interval":{"confidence_level":0.95,"lower_bound":24577364.039898768,"upper_bound":24655711.437862553},"point_estimate":24619131.5324982,"standard_error":20173.188888139783},"median":{"confidence_interval":{"confidence_level":0.95,"lower_bound":24562580.09375,"upper_bound":24671008.262175325},"point_estimate":24624803.954545453,"standard_error":23344.431435170725},"median_abs_dev":{"confidence_interval":{"confidence_level":0.95,"lower_bound":3770.929854077599,"upper_bound":97848.98096840663},"point_estimate":62250.78834028616,"standard_error":25968.489984023185},"slope":{"confidence_interval":{"confidence_level":0.95,"lower_bound":24532725.91583373,"upper_bound":24670411.93220306},"point_estimate":24589572.512396693,"standard_error":36578.99690559086},"std_dev":{"confidence_interval":{"confidence_level":0.95,"lower_bound":25986.614360850017,"upper_bound":83756.19933672917},"point_estimate":66929.89849651846,"standard_error":15197.780394646894}}