{"mean":{"confidence_interval":{"confidence_level":0.95,"lower_bound":2551562158.8,"upper_bound":2552417254.5},"point_estimate":2552029845.233333,"standard_error":223678.90905320304},"median":{"confidence_interval":{"confidence_level":0.95,"lower_bound":2551655212.333333,"upper_bound":2552615131.3333335},"point_estimate":2552144726.5,"standard_error":243695.52519729978},"median_abs_dev":{"confidence_interval":{"confidence_level":0.95,"lower_bound":13529.713159563922,"upper_bound":1055547.923660514},"point_estimate":526347.9477556916,"standard_error":260340.63812390325},"slope":null,"std_dev":{"confidence_interval":{"confidence_level":0.95,"lower_bound":298350.72006067,"upper_bound":1045236.8532684018},"point_estimate":757608.8976578098,"standard_error":211972.20751314034}}