{"mean":{"confidence_interval":{"confidence_level":0.95,"lower_bound":691431672.3087499,"upper_bound":692703040.06875},"point_estimate":692048026.7408929,"standard_error":328018.00702801277},"median":{"confidence_interval":{"confidence_level":0.95,"lower_bound":691152612.3690476,"upper_bound":693176012.8},"point_estimate":691770572.1666667,"standard_error":570574.4244303454},"median_abs_dev":{"confidence_interval":{"confidence_level":0.95,"lower_bound":65939.43690445881,"upper_bound":1831213.4165193923},"point_estimate":962034.2981956201,"standard_error":486936.49123246653},"slope":{"confidence_interval":{"confidence_level":0.95,"lower_bound":691171434.4899598,"upper_bound":692262720.4856459},"point_estimate":691774417.864935,"standard_error":277587.4278160699},"std_dev":{"confidence_interval":{"confidence_level":0.95,"lower_bound":606231.2072117754,"upper_bound":1330569.3244772432},"point_estimate":1093839.6818224434,"standard_error":179413.8293405024}}