{"mean":{"confidence_interval":{"confidence_level":0.95,"lower_bound":24635504.48846561,"upper_bound":24657826.872962963},"point_estimate":24646404.622331575,"standard_error":5714.1285393722965},"median":{"confidence_interval":{"confidence_level":0.95,"lower_bound":24635231.168518517,"upper_bound":24657179.244444445},"point_estimate":24644900.82345679,"standard_error":5433.081979674869},"median_abs_dev":{"confidence_interval":{"confidence_level":0.95,"lower_bound":3902.4591210876483,"upper_bound":32221.822954614097},"point_estimate":14404.075317609027,"standard_error":6707.283117188575},"slope":{"confidence_interval":{"confidence_level":0.95,"lower_bound":24639409.111968562,"upper_bound":24657405.11671367},"point_estimate":24648605.032842714,"standard_error":4604.3542244561595},"std_dev":{"confidence_interval":{"confidence_level":0.95,"lower_bound":7864.401519105124,"upper_bound":26096.18804213974},"point_estimate":19061.943704919704,"standard_error":4739.847021630678}}