{"mean":{"confidence_interval":{"confidence_level":0.95,"lower_bound":3532000238.7,"upper_bound":3546557091.75},"point_estimate":3539951981.8,"standard_error":3740087.420985279},"median":{"confidence_interval":{"confidence_level":0.95,"lower_bound":3534236689.75,"upper_bound":3549654231.0},"point_estimate":3540279439.25,"standard_error":4896600.081692915},"median_abs_dev":{"confidence_interval":{"confidence_level":0.95,"lower_bound":534782.3354557157,"upper_bound":19333877.57395506},"point_estimate":13192403.627488017,"standard_error":4589016.1270574145},"slope":null,"std_dev":{"confidence_interval":{"confidence_level":0.95,"lower_bound":5831641.428903219,"upper_bound":17450859.585150857},"point_estimate":12618151.56785503,"standard_error":3426602.430290084}}