{"mean":{"confidence_interval":{"confidence_level":0.95,"lower_bound":-0.9676988714141966,"upper_bound":-0.9673677713729568},"point_estimate":-0.967534425370639,"standard_error":0.00008418052964449987},"median":{"confidence_interval":{"confidence_level":0.95,"lower_bound":-0.9678170770691654,"upper_bound":-0.9673863973661287},"point_estimate":-0.9674845079760397,"standard_error":0.0001021397357742057}}