{"mean":{"confidence_interval":{"confidence_level":0.95,"lower_bound":-0.9631636160460705,"upper_bound":-0.9607336199128552},"point_estimate":-0.9619414265366767,"standard_error":0.0006221621517653694},"median":{"confidence_interval":{"confidence_level":0.95,"lower_bound":-0.9633335744860617,"upper_bound":-0.9601102195838752},"point_estimate":-0.9609585730170589,"standard_error":0.000808034249933219}}