{"mean":{"confidence_interval":{"confidence_level":0.95,"lower_bound":2230961182.795,"upper_bound":2231504182.87},"point_estimate":2231208555.82,"standard_error":138251.53623142312},"median":{"confidence_interval":{"confidence_level":0.95,"lower_bound":2230820769.5,"upper_bound":2231156563.0},"point_estimate":2230997272.5,"standard_error":93250.14589063282},"median_abs_dev":{"confidence_interval":{"confidence_level":0.95,"lower_bound":576738.0614608526,"upper_bound":878321.8764066696},"point_estimate":744940.5110746622,"standard_error":78250.91501033698},"slope":null,"std_dev":{"confidence_interval":{"confidence_level":0.95,"lower_bound":714154.9299431986,"upper_bound":1887833.0099636582},"point_estimate":1385732.5123371356,"standard_error":289443.2036156221}}