{"mean":{"confidence_interval":{"confidence_level":0.95,"lower_bound":0.008161536405842303,"upper_bound":0.02616074650443063},"point_estimate":0.017266126371625168,"standard_error":0.004572234096990223},"median":{"confidence_interval":{"confidence_level":0.95,"lower_bound":0.007518636656636213,"upper_bound":0.026823993141863456},"point_estimate":0.01723133741974503,"standard_error":0.005356583794430391}}