{"mean":{"confidence_interval":{"confidence_level":0.95,"lower_bound":9.944695677598276,"upper_bound":10.20283988020226},"point_estimate":10.074268719122953,"standard_error":0.065609835762775},"median":{"confidence_interval":{"confidence_level":0.95,"lower_bound":9.872210825661284,"upper_bound":10.256466164261122},"point_estimate":10.08690433589469,"standard_error":0.09745667328704259}}