{"mean":{"confidence_interval":{"confidence_level":0.95,"lower_bound":25.13870710710091,"upper_bound":25.19891994619184},"point_estimate":25.170264005322473,"standard_error":0.015499695644995943},"median":{"confidence_interval":{"confidence_level":0.95,"lower_bound":25.106078530561902,"upper_bound":25.21653056410424},"point_estimate":25.17145714736461,"standard_error":0.02456003010988832}}