{"mean":{"confidence_interval":{"confidence_level":0.95,"lower_bound":3600392502.05,"upper_bound":3603807015.0975},"point_estimate":3602096038.95,"standard_error":883543.9104364709},"median":{"confidence_interval":{"confidence_level":0.95,"lower_bound":3599949014.5,"upper_bound":3604757021.5},"point_estimate":3601211733.75,"standard_error":1502828.8744385245},"median_abs_dev":{"confidence_interval":{"confidence_level":0.95,"lower_bound":598994.8522657156,"upper_bound":4710175.267727673},"point_estimate":3622016.939896345,"standard_error":1120523.2596247648},"slope":null,"std_dev":{"confidence_interval":{"confidence_level":0.95,"lower_bound":1812592.231916404,"upper_bound":3529501.9182971087},"point_estimate":2941107.17709406,"standard_error":435259.4921451626}}