{"mean":{"confidence_interval":{"confidence_level":0.95,"lower_bound":1903920836.642778,"upper_bound":1936045575.8533332},"point_estimate":1919345830.499722,"standard_error":8223948.477747249},"median":{"confidence_interval":{"confidence_level":0.95,"lower_bound":1897866012.0,"upper_bound":1943756379.05},"point_estimate":1914621228.3166666,"standard_error":10970201.283418275},"median_abs_dev":{"confidence_interval":{"confidence_level":0.95,"lower_bound":6508809.142865609,"upper_bound":49189222.34679991},"point_estimate":27032524.048876762,"standard_error":10864458.444897447},"slope":{"confidence_interval":{"confidence_level":0.95,"lower_bound":1897064126.7330735,"upper_bound":1930967091.563999},"point_estimate":1913146795.787013,"standard_error":8643805.576584268},"std_dev":{"confidence_interval":{"confidence_level":0.95,"lower_bound":14059987.149627645,"upper_bound":34371883.19710737},"point_estimate":27555106.395613562,"standard_error":5044359.591140357}}